title,state_name,ideology,year,city,lat,lon
11th Hour Remnant Messenger,New Mexico,Christian Identity,2013,Santa Fe,35.6619,-105.9819
9/11 Christian Center at Ground Zero,New York,Anti-Muslim,2013,New York,40.6943,-73.9249
a2z Publications,Nevada,General Hate,2013,Las Vegas,36.2291,-115.2607
Abiding Truth Ministries,Massachusetts,Anti-LGBT,2013,Springfield,42.1155,-72.5395
Abundant Life Fellowship,Indiana,Christian Identity,2013,Morgantown,39.3729,-86.2585
AC Skins,New Jersey,Racist Skinhead,2013,Absecon,39.4228,-74.4944
AC Skins,New Jersey,Racist Skinhead,2013,Atlantic City,39.3797,-74.4527
AC Skins,New Jersey,Racist Skinhead,2013,Brigantine,39.4138,-74.3787
AC Skins,New Jersey,Racist Skinhead,2013,Browns Mills,39.9737,-74.569
AC Skins,New Jersey,Racist Skinhead,2013,Marlton,39.9016,-74.9297
AC Skins,New Jersey,Racist Skinhead,2013,Mays Landing,39.4524,-74.7241
AC Skins,New Jersey,Racist Skinhead,2013,Pine Hill,39.7879,-74.9857
AC Skins,New Jersey,Racist Skinhead,2013,Somers Point,39.3167,-74.6066
AC Skins,New Jersey,Racist Skinhead,2013,Wildwood,38.9877,-74.8188
AC Skins,New Jersey,Racist Skinhead,2013,Woodbine,39.2283,-74.8095
Agenda21Today,Florida,General Hate,2013,Shady Grove,30.288,-83.6318
Aggressive Christianity,New Mexico,General Hate,2013,Berino,32.0689,-106.6219
Aggressive Christianity,New Mexico,General Hate,2013,Fence Lake,34.669,-108.6801
All Eyes On Egypt Bookstore,Georgia,Black Nationalist,2013,Macon,32.8407,-83.6324
All Eyes on Egypt Bookstore,Georgia,Black Nationalist,2013,Milledgeville,33.0874,-83.2414
Alliance for Catholic Tradition,Pennsylvania,Radical Traditional Catholicism,2013,Pleasant Unity,40.2395,-79.4509
Alternative Right,Montana,White Nationalist,2013,Whitefish,48.4332,-114.3592
America's Promise Ministries,Idaho,Christian Identity,2013,Sandpoint,48.2832,-116.5613
American Border Patrol,Arizona,Anti-Immigrant,2013,Sierra Vista,31.563,-110.3153
American College of Pediatricians,Florida,Anti-LGBT,2013,Gainesville,29.6808,-82.3455
American Family Association,Pennsylvania,Anti-LGBT,2013,Franklin,41.3936,-79.8425
American Family Association,Mississippi,Anti-LGBT,2013,Tupelo,34.2691,-88.7318
American Free Press,District of Columbia,General Hate,2013,Washington,38.9047,-77.0163
American Freedom Defense Initiative,New York,Anti-Muslim,2013,New York,40.6943,-73.9249
American Freedom Party,Texas,White Nationalist,2013,Granbury,32.4483,-97.7685
American Freedom Party,North Dakota,White Nationalist,2013,Grand Forks,47.9223,-97.0887
American Freedom Party,Florida,White Nationalist,2013,Jacksonville,30.3322,-81.6749
American Freedom Party,Nevada,White Nationalist,2013,Las Vegas,36.2291,-115.2607
American Freedom Party,California,White Nationalist,2013,Los Angeles,34.1139,-118.4068
American Freedom Party,New York,White Nationalist,2013,New York,40.6943,-73.9249
American Front,New Jersey,Racist Skinhead,2013,Hackensack,40.889,-74.0461
American Front,New Jersey,Racist Skinhead,2013,Haledon,40.9363,-74.1887
American Front,Florida,Racist Skinhead,2013,Lynn Haven,30.2361,-85.6389
American Front,New Jersey,Racist Skinhead,2013,Roselle,40.6527,-74.2599
American Front,California,Racist Skinhead,2013,Sacramento,38.5667,-121.4683
American Immigration Control Foundation/Americans for Immigration Control,Virginia,Anti-Immigrant,2013,Monterey,38.4116,-79.5809
American Nationalist Association,California,White Nationalist,2013,Porterville,36.0644,-119.0337
American Nationalist Union,Nevada,White Nationalist,2013,Las Vegas,36.2291,-115.2607
American Nazi Party,California,Neo-Nazi,2013,Rialto,34.1128,-117.3885
American Nazi Party,Michigan,Neo-Nazi,2013,Westland,42.3192,-83.3805
American Renaissance/New Century Foundation,Virginia,White Nationalist,2013,Arlington,38.8786,-77.1011
American Renaissance/New Century Foundation,Virginia,White Nationalist,2013,Oakton,38.8887,-77.3017
American Vision,Georgia,Anti-LGBT,2013,Powder Springs,33.866,-84.6838
Americans for Legal Immigration (ALIPAC),North Carolina,Anti-Immigrant,2013,Raleigh,35.8323,-78.6439
Americans for Truth About Homosexuality,Illinois,Anti-LGBT,2013,Naperville,41.7483,-88.1657
Artisan Publishers,Oklahoma,General Hate,2013,Muskogee,35.743,-95.3566
Aryan Nations,Florida,Neo-Nazi,2013,Bartow,27.8862,-81.8212
Aryan Nations,Idaho,Neo-Nazi,2013,Boise,43.6006,-116.2316
Aryan Nations,Louisiana,Neo-Nazi,2013,Converse,31.7795,-93.7001
Aryan Nations,Massachusetts,Neo-Nazi,2013,Danvers,42.574,-70.9494
Aryan Nations,Wisconsin,Neo-Nazi,2013,Mercer,46.1635,-90.0528
Aryan Nations,New Jersey,Neo-Nazi,2013,Midland Park,40.9952,-74.1411
Aryan Nations,Virginia,Neo-Nazi,2013,Moneta,37.1813,-79.6173
Aryan Nations,New Jersey,Neo-Nazi,2013,North Bergen,40.8043,-74.0121
Aryan Nations,Washington,Neo-Nazi,2013,Seattle,47.6211,-122.3244
Aryan Nations Knights of the KKK,Louisiana,Ku Klux Klan,2013,Converse,31.7795,-93.7001
Aryan Strikeforce,New Jersey,Racist Skinhead,2013,Somerville,40.5696,-74.6092
Aryan Terror Brigade,New Jersey,Racist Skinhead,2013,Flemington,40.5087,-74.8599
Aryan Wear,Texas,White Nationalist,2013,Keller,32.9337,-97.2255
As-Sabiqun,California,General Hate,2013,Los Angeles,34.1139,-118.4068
As-Sabiqun,California,General Hate,2013,Oakland,37.7903,-122.2165
As-Sabiqun,Pennsylvania,General Hate,2013,Philadelphia,40.0076,-75.134
As-Sabiqun,California,General Hate,2013,Sacramento,38.5667,-121.4683
As-Sabiqun,California,General Hate,2013,San Diego,32.8312,-117.1226
As-Sabiqun,District of Columbia,General Hate,2013,Washington,38.9047,-77.0163
Atlanta Area White Student Union,Georgia,White Nationalist,2013,Atlanta,33.7626,-84.4228
Atlas Shrugs,New York,Anti-Muslim,2013,New York,40.6943,-73.9249
"Barnes Review/Foundation for Economic Liberty, Inc.",District of Columbia,Holocaust Denial,2013,Washington,38.9047,-77.0163
"Barnhardt Capital Management, Inc.",Colorado,General Hate,2013,Lone Tree,39.5308,-104.871
Bergen County Hooligans,New York,Racist Skinhead,2013,Brooklyn,40.6501,-73.9496
Black Riders Liberation Party,California,Black Nationalist,2013,Los Angeles,34.1139,-118.4068
Black Riders Liberation Party,California,Black Nationalist,2013,Oakland,37.7903,-122.2165
Blood and Honour U.S.A,Pennsylvania,Racist Skinhead,2013,Altoona,40.5082,-78.4007
Blood and Honour U.S.A,New Jersey,Racist Skinhead,2013,Fords,40.5416,-74.3124
Blood and Honour U.S.A,Colorado,Racist Skinhead,2013,Littleton,39.5911,-105.0194
Blood and Honour U.S.A,Texas,Racist Skinhead,2013,Richardson,32.9717,-96.7092
Blood and Honour U.S.A,Ohio,Racist Skinhead,2013,Salem,40.9049,-80.8491
Bob's Underground Graduate Seminar/BUGS,South Carolina,White Nationalist,2013,Columbia,34.037,-80.9042
National Coalition for Immigration Reform (formerly California Coalition for Immigration Reform),California,Anti-Immigrant,2013,Huntington Beach,33.696,-118.0025
carolynyeager.net,Texas,Holocaust Denial,2013,Kerrville,30.0399,-99.1319
Castle Hill Publishers,New York,Holocaust Denial,2013,New York,40.6943,-73.9249
Catholic Action Resource Center,Florida,Radical Traditional Catholicism,2013,Orlando,28.4788,-81.342
Catholic Counterpoint,Pennsylvania,Radical Traditional Catholicism,2013,Broomall,39.9694,-75.3529
Catholic Family and Human Rights Institute (C-FAM),New York,Anti-LGBT,2013,New York,40.6943,-73.9249
Catholic Family and Human Rights Institute (C-FAM),District of Columbia,Anti-LGBT,2013,Washington,38.9047,-77.0163
"Catholic Family News/Catholic Family Ministries, Inc.",New York,Radical Traditional Catholicism,2013,Niagara Falls,43.0921,-79.0147
Caucasian Persuasion,New York,White Nationalist,2013,New York,40.6943,-73.9249
Chalcedon Foundation,California,Anti-LGBT,2013,Vallecito,38.074,-120.4563
Chick Publications,California,General Hate,2013,Ontario,34.0393,-117.6064
Christ the King Church,Colorado,Anti-LGBT,2013,Larkspur,39.2318,-104.8926
Christian Action Network,Virginia,Anti-Muslim,2013,Forest,37.3728,-79.2831
Christian Anti-Defamation Commission,California,General Hate,2013,Vista,33.1895,-117.2387
Christian Books and Things,Arkansas,General Hate,2013,Harrison,36.2437,-93.1197
Christian Defense League,Louisiana,Neo-Nazi,2013,Mandeville,30.375,-90.0906
Christian Guardians,California,Anti-Muslim,2013,San Francisco,37.7562,-122.443
Christian Knights of the Ku Klux Klan,North Carolina,Ku Klux Klan,2013,Kings Mountain,35.2348,-81.3501
Christian Phalange,North Carolina,Anti-Muslim,2013,Newton,35.663,-81.2333
Church of Jesus Christ Christian/Aryan Nations,Ohio,Christian Identity,2013,Bainbridge,39.2265,-83.2695
Church of Jesus Christ Christian/Aryan Nations,Oregon,Christian Identity,2013,Coos Bay,43.3789,-124.233
Church of Jesus Christ Christian/Aryan Nations,Pennsylvania,Christian Identity,2013,Johnstown,40.3258,-78.9194
Church of the Sons of YHVH,Louisiana,Christian Identity,2013,Converse,31.7795,-93.7001
Citizen Warrior,Tennessee,Anti-Muslim,2013,Nashville,36.1714,-86.7844
Citizens for National Security,Florida,Anti-Muslim,2013,Boca Raton,26.3749,-80.1077
Concerned American Citizens,California,Anti-Muslim,2013,Wildomar,33.6173,-117.2582
Concerned Citizens and Friends of Illegal Immigration Law Enforcement,Massachusetts,General Hate,2013,Framingham,42.3085,-71.4368
Concerned Citizens for the First Amendment,California,Anti-Muslim,2013,Hemet,33.7341,-116.9969
Confederate Hammerskins,South Carolina,Racist Skinhead,2013,Elgin,34.1703,-80.793
Confederate Hammerskins,Alabama,Racist Skinhead,2013,Huntsville,34.6989,-86.6414
Confederate Hammerskins,Florida,Racist Skinhead,2013,Jacksonville,30.3322,-81.6749
Confederate Hammerskins,Tennessee,Racist Skinhead,2013,Nashville,36.1714,-86.7844
Confederate Hammerskins,Florida,Racist Skinhead,2013,Ocala,29.1803,-82.1495
Confederate Hammerskins,Florida,Racist Skinhead,2013,Orlando,28.4788,-81.342
Confederate Hammerskins,Virginia,Racist Skinhead,2013,Richmond,37.5295,-77.4756
Confederate Hammerskins,Florida,Racist Skinhead,2013,Tampa,27.9937,-82.4454
Confederate Patriot Voters United,Mississippi,White Nationalist,2013,Baldwyn,34.5071,-88.6416
Confederate White Knights of the Ku Klux Klan,Maryland,Ku Klux Klan,2013,Baltimore,39.3051,-76.6144
Council for Social and Economic Studies,District of Columbia,White Nationalist,2013,Washington,38.9047,-77.0163
Council of Conservative Citizens,Florida,White Nationalist,2013,Beverly Hills,28.9175,-82.4541
Council of Conservative Citizens,Alabama,White Nationalist,2013,Birmingham,33.5276,-86.7988
Council of Conservative Citizens,North Carolina,White Nationalist,2013,Clemmons,36.0318,-80.3861
Council of Conservative Citizens,Alabama,White Nationalist,2013,Cullman,34.1791,-86.8402
Council of Conservative Citizens,Alabama,White Nationalist,2013,Florence,34.83,-87.6658
Council of Conservative Citizens,Tennessee,White Nationalist,2013,Franklin,35.9214,-86.8524
Council of Conservative Citizens,Alabama,White Nationalist,2013,Jasper,33.8514,-87.2719
Council of Conservative Citizens,Tennessee,White Nationalist,2013,Memphis,35.1047,-89.9773
Council of Conservative Citizens,Alabama,White Nationalist,2013,Montgomery,32.347,-86.2663
Council of Conservative Citizens,New York,White Nationalist,2013,New York,40.6943,-73.9249
Council of Conservative Citizens,New York,White Nationalist,2013,Parishville,44.6257,-74.8004
Council of Conservative Citizens,North Carolina,White Nationalist,2013,Raleigh,35.8323,-78.6439
Council of Conservative Citizens,California,White Nationalist,2013,San Francisco,37.7562,-122.443
Council of Conservative Citizens,Louisiana,White Nationalist,2013,Shreveport,32.4659,-93.7959
Council of Conservative Citizens,Maryland,White Nationalist,2013,Silver Spring,39.0028,-77.0207
Council of Conservative Citizens,Ohio,White Nationalist,2013,Springboro,39.5612,-84.2349
Counter Jihad Coalition,California,Anti-Muslim,2013,Santa Monica,34.0232,-118.4813
Counter-Currents Publishing,California,White Nationalist,2013,San Francisco,37.7562,-122.443
Covenant People's Ministry,Georgia,Christian Identity,2013,Brooks,33.2925,-84.4588
Crescenta Valley European American Society,California,White Nationalist,2013,La Crescenta,34.2242,-118.2401
Crew 38,Maryland,Racist Skinhead,2013,Baltimore,39.3051,-76.6144
Crew 38,Illinois,Racist Skinhead,2013,Chicago,41.8373,-87.6861
Crew 38,Michigan,Racist Skinhead,2013,Detroit,42.3834,-83.1024
Crew 38,Alabama,Racist Skinhead,2013,Huntsville,34.6989,-86.6414
Crew 38,Florida,Racist Skinhead,2013,Lakeland,28.0557,-81.9543
Crew 38,California,Racist Skinhead,2013,San Diego,32.8312,-117.1226
Crew 38,Washington,Racist Skinhead,2013,Seattle,47.6211,-122.3244
Cultural Studies Press,New York,General Hate,2013,New York,40.6943,-73.9249
Culture Wars/Fidelity Press,Indiana,Radical Traditional Catholicism,2013,South Bend,41.6771,-86.2692
DefendStudents.org,California,General Hate,2013,Vista,33.1895,-117.2387
Desastrious Records,Texas,Hate Music,2013,Springtown,32.9695,-97.6805
Die Auserwahlten,Nebraska,Racist Skinhead,2013,Pleasanton,40.9698,-99.0875
Die Auserwahlten,Utah,Racist Skinhead,2013,Salt Lake City,40.7774,-111.9301
Die Auserwahlten,South Carolina,Racist Skinhead,2013,Spartanburg,34.9437,-81.9257
Dixie Rangers Knights of the KKK,Louisiana,Ku Klux Klan,2013,Walker,30.4848,-90.8654
Dixie Republic,South Carolina,Neo-Confederate,2013,Travelers Rest,34.9684,-82.4417
Dove World Outreach Center,Florida,General Hate,2013,Bradenton,27.49,-82.5743
East Coast Knights of the True Invisible Empire,Pennsylvania,Ku Klux Klan,2013,Girardville,40.7922,-76.283
Eastern Hammerskins,Pennsylvania,Racist Skinhead,2013,Allentown,40.5961,-75.4756
Eastern Hammerskins,Maryland,Racist Skinhead,2013,Baltimore,39.3051,-76.6144
Ecclesiastical Council for the Restoration of Covenant Israel (ECRCI),Illinois,Christian Identity,2013,Chicago,41.8373,-87.6861
Escaping Islam,California,Anti-Muslim,2013,Wildomar,33.6173,-117.2582
European American Action Coalition,Pennsylvania,White Nationalist,2013,Pittston,41.3274,-75.7885
European-American Evangelistic Crusades,California,General Hate,2013,Carmichael,38.6336,-121.3229
European-American Unity and Rights Organization,Ohio,White Nationalist,2013,Cleveland,41.4767,-81.6805
European-American Unity and Rights Organization,South Carolina,White Nationalist,2013,Columbia,34.037,-80.9042
European-American unity and Rights Organization,Georgia,White Nationalist,2013,Columbus,32.51,-84.8771
European-American Unity and Rights Organization,Florida,White Nationalist,2013,Jacksonville,30.3322,-81.6749
European-American Unity and Rights Organization,Louisiana,White Nationalist,2013,Mandeville,30.375,-90.0906
European-American Unity and Rights Organization,Virginia,White Nationalist,2013,Richmond,37.5295,-77.4756
European-American Unity and Rights Organization,Mississippi,White Nationalist,2013,Ripley,34.7321,-88.9444
European-American Unity and Rights Organization,Georgia,White Nationalist,2013,Savannah,32.0282,-81.1786
European-American Unity and Rights Organization,Louisiana,White Nationalist,2013,Thibodaux,29.7941,-90.8163
European-American Unity and Rights Organization,Oklahoma,White Nationalist,2013,Tulsa,36.1284,-95.9042
European-American Unity and Rights Organization,South Carolina,White Nationalist,2013,Woodruff,34.7397,-82.0323
Faith Baptist Church and Ministry,Missouri,Christian Identity,2013,Houston,37.3212,-91.9611
Faith Freedom,Washington,Anti-Muslim,2013,Bellevue,47.5953,-122.1551
Faithful Word Baptist Church,Arizona,Anti-LGBT,2013,Tempe,33.3881,-111.9318
Family Home Northwest,Idaho,White Nationalist,2013,Payette,44.0789,-116.9256
Family Research Council,District of Columbia,Anti-LGBT,2013,Washington,38.9047,-77.0163
Family Research Institute,Colorado,Anti-LGBT,2013,Colorado Springs,38.8674,-104.7606
Family Watch International,Arizona,Anti-LGBT,2013,Gilbert,33.3103,-111.7463
Federation for American Immigration Reform,District of Columbia,Anti-Immigrant,2013,Washington,38.9047,-77.0163
Fellowship of God's Covenant People,Kentucky,Christian Identity,2013,Union,38.9472,-84.6731
First Century Christian Ministries,Texas,Christian Identity,2013,The Woodlands,30.1738,-95.5134
Florida Family Association,Florida,Anti-Muslim,2013,Tampa,27.9937,-82.4454
Fort Christmas Knights Ku Klux Klan,Florida,Ku Klux Klan,2013,Christmas,28.5606,-81.0201
Fraternal White Knights of the KKK,Ohio,Ku Klux Klan,2013,Amelia,39.0229,-84.2185
Fraternal White Knights of the KKK,Mississippi,Ku Klux Klan,2013,Lucedale,30.9312,-88.5959
Fraternal White Knights of the KKK,New York,Ku Klux Klan,2013,Plattsburgh,44.6951,-73.4563
Fraternal White Knights of the KKK,Louisiana,Ku Klux Klan,2013,Slaughter,30.7219,-91.1393
Fraternal White Knights of the KKK,Tennessee,Ku Klux Klan,2013,Woodbury,35.8247,-86.0725
Free American,Arizona,White Nationalist,2013,Tucson,32.1546,-110.8782
Freedom Defense Initiative (FDI),New York,Anti-Muslim,2013,New York,40.6943,-73.9249
Fundamentalist Latter Day Saints,Arizona,General Hate,2013,Colorado City,36.9774,-112.983
Fundamentalist Latter Day Saints,Utah,General Hate,2013,Hildale,37.0171,-112.9786
Gallows Tree Wotansvolk Alliance,Michigan,Neo-Volkisch,2013,Grand Rapids,42.9615,-85.6557
Geauga Constitutional Council,Ohio,General Hate,2013,Mayfield Heights,41.5175,-81.4534
Generations With Vision,Colorado,Anti-LGBT,2013,Elizabeth,39.3611,-104.6061
Get Some 88,California,Hate Music,2013,Castaic,34.4818,-118.6317
Gold is Money,Colorado,Anti-Muslim,2013,Lone Tree,39.5308,-104.871
Golden Dawn,California,Neo-Nazi,2013,Los Angeles,34.1139,-118.4068
Golden State Solidarity,California,Racist Skinhead,2013,Oakland,37.7903,-122.2165
H.L. Mencken Club,Pennsylvania,White Nationalist,2013,Elizabethtown,40.1534,-76.5991
Hated and Proud Skins,Illinois,Racist Skinhead,2013,Summit,41.7877,-87.8145
Heathens Motorcycle Club,Georgia,Neo-Nazi,2013,Rome,34.2662,-85.1862
Help Rescue Our Children,New York,Anti-LGBT,2013,Monsey,41.1181,-74.0681
Heritage and Destiny,Virginia,White Nationalist,2013,Falls Church,38.8847,-77.1751
Heritage Connection,Arkansas,Hate Music,2013,Harrison,36.2437,-93.1197
Heterosexuals Organized for a Moral Environment (H.O.M.E.),Illinois,Anti-LGBT,2013,Downers Grove,41.7949,-88.017
Holy Nation of Odin,California,General Hate,2013,Kingsburg,36.5242,-119.5608
Holy Order Ministry,Texas,Christian Identity,2013,De Kalb,33.5076,-94.6165
Identity Nation,Tennessee,Christian Identity,2013,Cookeville,36.1484,-85.5114
Identity Nation,Indiana,Christian Identity,2013,Evansville,37.9882,-87.5339
Identity Nation,Indiana,Christian Identity,2013,Franklin,39.4934,-86.0545
Identity Nation,Indiana,Christian Identity,2013,Indianapolis,39.7771,-86.1458
Identity Nation,Tennessee,Christian Identity,2013,Knoxville,35.9692,-83.9495
Identity Nation,Indiana,Christian Identity,2013,Kokomo,40.464,-86.1277
Identity Nation,Indiana,Christian Identity,2013,Martinsville,39.4227,-86.4208
Identity Nation,Tennessee,Christian Identity,2013,Nashville,36.1714,-86.7844
Identity Nation,Indiana,Christian Identity,2013,Rochester,41.059,-86.1961
Identity Nation,Indiana,Christian Identity,2013,Shelbyville,39.5325,-85.7762
IHS Press,Virginia,Radical Traditional Catholicism,2013,Norfolk,36.8945,-76.259
Illinois Family Institute,Illinois,Anti-LGBT,2013,Carol Stream,41.9183,-88.1309
Insight USA,Florida,General Hate,2013,Longwood,28.7018,-81.3488
Institute for Historical Review,California,Holocaust Denial,2013,Fountain Valley,33.7105,-117.9514
Institute for Historical Review Store,California,Holocaust Denial,2013,Newport Beach,33.6151,-117.8669
International Keystone Knights of the KKK,Alabama,Ku Klux Klan,2013,Pinson,33.7062,-86.6655
International Keystone Knights of the KKK,Georgia,Ku Klux Klan,2013,Blairsville,34.8761,-83.9548
International Keystone Knights of the KKK,Ohio,Ku Klux Klan,2013,Cleveland,41.4767,-81.6805
International Keystone Knights of the KKK,Indiana,Ku Klux Klan,2013,Elwood,40.2743,-85.8371
International Keystone Knights of the KKK,Georgia,Ku Klux Klan,2013,Young Harris,34.9355,-83.8471
International Keystone Knights of the KKK,Arkansas,Ku Klux Klan,2013,Vanndale,35.3134,-90.774
Invictus Books,Missouri,General Hate,2013,Wentzville,38.8164,-90.867
Invisible Knights of the Fiery Cross,Michigan,Ku Klux Klan,2013,Gladwin,43.9836,-84.4877
Irving Books,Florida,Holocaust Denial,2013,Key West,24.5636,-81.7769
ISD Records,Ohio,Hate Music,2013,Lancaster,39.7249,-82.6049
Islam: Making a True Difference in the World -- One Body at a Time,Georgia,Anti-Muslim,2013,Marietta,33.9532,-84.5421
islam: the Religion of Peace (and a big stack of dead bodies),Georgia,Anti-Muslim,2013,Marietta,33.9532,-84.5421
Islamthreat.com,California,Anti-Muslim,2013,Walnut Creek,37.9025,-122.0398
Jamaat al-Muslimeen,Maryland,General Hate,2013,Baltimore,39.3051,-76.6144
Keystone State Skinheads,Pennsylvania,Racist Skinhead,2013,Harrisburg,40.2752,-76.8843
Keystone State Skinheads,Pennsylvania,Racist Skinhead,2013,Philadelphia,40.0076,-75.134
Kingdom Identity Ministries,Arkansas,Christian Identity,2013,Harrison,36.2437,-93.1197
Kingdom Treasure Ministries,Oklahoma,Neo-Confederate,2013,Owasso,36.2886,-95.8319
Kinsman Redeemer Ministries,Kentucky,Christian Identity,2013,Alexandria,38.9622,-84.386
Knight Riders Knights of the KKK,Virginia,Ku Klux Klan,2013,Abingdon,36.7089,-81.9713
Knight Riders Knights of the KKK,Georgia,Ku Klux Klan,2013,Brunswick,31.145,-81.474
Knight Riders Knights of the KKK,Georgia,Ku Klux Klan,2013,Byron,32.6475,-83.754
Knight Riders Knights of the KKK,Texas,Ku Klux Klan,2013,Dallas,32.7937,-96.7662
Knight Riders Knights of the KKK,Illinois,Ku Klux Klan,2013,Eldorado,37.8113,-88.4416
Knight Riders Knights of the KKK,Georgia,Ku Klux Klan,2013,Ellijay,34.6912,-84.484
Knight Riders Knights of the KKK,Florida,Ku Klux Klan,2013,Fort Myers,26.6195,-81.8302
Knight Riders Knights of the KKK,Illinois,Ku Klux Klan,2013,Lemont,41.6698,-87.983
Knight Riders Knights of the KKK,Arkansas,Ku Klux Klan,2013,Little Rock,34.7255,-92.3581
Knight Riders Knights of the KKK,Florida,Ku Klux Klan,2013,Live Oak,30.2956,-82.9846
Knight Riders Knights of the KKK,Georgia,Ku Klux Klan,2013,Rochelle,31.9488,-83.4568
Knight Riders Knights of the KKK,Tennessee,Ku Klux Klan,2013,Nashville,36.1714,-86.7844
Knights of the Ku Klux Klan,Arkansas,Ku Klux Klan,2013,Concord,35.6625,-91.849
Knights of the Ku Klux Klan,Arkansas,Ku Klux Klan,2013,Harrison,36.2437,-93.1197
Knights Party Veterans League,Arkansas,Ku Klux Klan,2013,Harrison,36.2437,-93.1197
Ku Klos Knights of the KKK,Pennsylvania,Ku Klux Klan,2013,Beaver Falls,40.762,-80.3225
Ku Klos Knights of the KKK,Florida,Ku Klux Klan,2013,Cape Coral,26.6444,-81.9956
Ku Klos Knights of the KKK,Tennessee,Ku Klux Klan,2013,Church Hill,36.5206,-82.7142
Ku Klos Knights of the KKK,Texas,Ku Klux Klan,2013,Gatesville,31.4419,-97.7351
Ku Klos Knights of the KKK,Tennessee,Ku Klux Klan,2013,Johnson City,36.3406,-82.3804
Ku Klos Knights of the KKK,Indiana,Ku Klux Klan,2013,Kokomo,40.464,-86.1277
Ku Klos Knights of the KKK,North Carolina,Ku Klux Klan,2013,Lenoir,35.9096,-81.5247
Ku Klos Knights of the KKK,Tennessee,Ku Klux Klan,2013,Memphis,35.1047,-89.9773
Ku Klos Knights of the KKK,Indiana,Ku Klux Klan,2013,Monroe City,38.6145,-87.3531
Ku Klos Knights of the KKK,Kentucky,Ku Klux Klan,2013,Munfordville,37.2795,-85.8982
Ku Klos Knights of the KKK,Pennsylvania,Ku Klux Klan,2013,Oil City,41.4282,-79.7035
League of the South,Florida,Neo-Confederate,2013,Archer,29.5395,-82.5137
League of the South,Georgia,Neo-Confederate,2013,Bowdon,33.5378,-85.2539
League of the South,Mississippi,Neo-Confederate,2013,Collinsville,32.4912,-88.8452
League of the South,South Carolina,Neo-Confederate,2013,Columbia,34.037,-80.9042
League of the South,Kentucky,Neo-Confederate,2013,Crofton,37.0477,-87.4842
League of the South,Florida,Neo-Confederate,2013,Jacksonville,30.3322,-81.6749
League of the South,Alabama,Neo-Confederate,2013,Killen,34.8607,-87.5269
League of the South,Tennessee,Neo-Confederate,2013,Lobelville,35.7507,-87.7958
League of the South,Louisiana,Neo-Confederate,2013,Logansport,31.9755,-93.9934
League of the South,Georgia,Neo-Confederate,2013,Macon,32.8407,-83.6324
League of the South,California,Neo-Confederate,2013,Scotts Valley,37.0555,-122.0118
League of the South,Georgia,Neo-Confederate,2013,Statesboro,32.4376,-81.775
League of the South,Alabama,Neo-Confederate,2013,Weogufka,33.0267,-86.3169
League of the South,Missouri,Neo-Confederate,2013,West Plains,36.7378,-91.868
League of the South,Alabama,Neo-Confederate,2013,Wetumpka,32.5407,-86.2057
League of the South,North Carolina,Neo-Confederate,2013,Wilmington,34.21,-77.886
League of the South/Southern Culture Center,South Carolina,Neo-Confederate,2013,Abbeville,34.1787,-82.3774
Liberty Counsel,Florida,Anti-LGBT,2013,Orlando,28.4788,-81.342
Livin' the Legacy,Indiana,Neo-Confederate,2013,Nashville,39.208,-86.2382
Lone Star United,Texas,Racist Skinhead,2013,Dallas,32.7937,-96.7662
Lone Star United,Texas,Racist Skinhead,2013,Houston,29.7868,-95.3905
Lone Wolf Brigade Knights - Knights of the KKK,Texas,Ku Klux Klan,2013,Livingston,30.71,-94.9381
Loyal White Knights of the KKK,North Carolina,Ku Klux Klan,2013,Benson,35.3859,-78.5437
Loyal White Knights of the KKK,Alabama,Ku Klux Klan,2013,Birmingham,33.5276,-86.7988
Loyal White Knights of the KKK,Illinois,Ku Klux Klan,2013,Bloomington,40.4757,-88.9705
Loyal White Knights of the KKK,North Carolina,Ku Klux Klan,2013,Burlington,36.0762,-79.4687
Loyal White Knights of the KKK,North Carolina,Ku Klux Klan,2013,Eden,36.5029,-79.7421
Loyal White Knights of the KKK,Pennsylvania,Ku Klux Klan,2013,Friedens,40.0449,-79.0027
Loyal White Knights of the KKK,Indiana,Ku Klux Klan,2013,Kokomo,40.464,-86.1277
Loyal White Knights of the KKK,Tennessee,Ku Klux Klan,2013,Nashville,36.1714,-86.7844
Loyal White Knights of the KKK,Florida,Ku Klux Klan,2013,New Smyrna Beach,29.0249,-80.965
Loyal White Knights of the KKK,North Carolina,Ku Klux Klan,2013,Pelham,36.5101,-79.4717
Loyal White Knights of the KKK,Virginia,Ku Klux Klan,2013,Portsmouth,36.8468,-76.354
Loyal White Knights of the KKK,North Carolina,Ku Klux Klan,2013,Roanoke Rapids,36.4452,-77.649
Loyal White Knights of the KKK,New Mexico,Ku Klux Klan,2013,Silver City,32.7783,-108.2699
Loyal White Knights of the KKK,Virginia,Ku Klux Klan,2013,Staunton,38.1593,-79.0611
Malevolent Freedom,Massachusetts,White Nationalist,2013,Lowell,42.6389,-71.3217
Mary Noel Kershaw Foundation,Tennessee,Neo-Confederate,2013,Lobelville,35.7507,-87.7958
Maryland National Socialist Party,Maryland,Neo-Nazi,2013,Elkridge,39.1941,-76.7427
Maryland State Skinheads,Maryland,Racist Skinhead,2013,Baltimore,39.3051,-76.6144
Masjid al Islam,California,General Hate,2013,Oakland,37.7903,-122.2165
Masjid al Islam,District of Columbia,General Hate,2013,Washington,38.9047,-77.0163
Mass Resistance,Massachusetts,Anti-LGBT,2013,Waltham,42.3889,-71.2423
Micetrap Distribution,New Jersey,Hate Music,2013,Maple Shade,39.9526,-74.9924
Middle American News,North Carolina,White Nationalist,2013,Raleigh,35.8323,-78.6439
Midland Hammerskins,Missouri,Racist Skinhead,2013,Kansas City,39.1239,-94.5541
Midland Hammerskins,Oklahoma,Racist Skinhead,2013,Tulsa,36.1284,-95.9042
Midland Hammerskins,Kansas,Racist Skinhead,2013,Wichita,37.6897,-97.3442
Mission to Israel,Nebraska,Christian Identity,2013,Scottsbluff,41.8677,-103.6619
Mission: America,Ohio,Anti-LGBT,2013,Columbus,39.986,-82.9852
Mississippi White Knights of the KKK,Mississippi,Ku Klux Klan,2013,Brookhaven,31.5803,-90.4432
Mississippi White Knights of the KKK,Mississippi,Ku Klux Klan,2013,Bruce,33.9909,-89.3454
Mississippi White Knights of the KKK,Mississippi,Ku Klux Klan,2013,Jackson,32.3163,-90.2124
Mississippi White Knights of the KKK,Mississippi,Ku Klux Klan,2013,Meridian,32.3846,-88.6897
Mississippi White Knights of the KKK,Mississippi,Ku Klux Klan,2013,Pearl,32.273,-90.0918
Mississippi White Knights of the KKK,Mississippi,Ku Klux Klan,2013,Petal,31.3477,-89.2359
Mississippi White Knights of the KKK,Mississippi,Ku Klux Klan,2013,Philadelphia,32.7761,-89.1221
Mississippi White Knights of the KKK,Mississippi,Ku Klux Klan,2013,Shannon,34.1144,-88.6931
Mississippi White Knights of the KKK,Mississippi,Ku Klux Klan,2013,Star,32.094,-90.0462
Most Holy Family Monastery,New York,Radical Traditional Catholicism,2013,Fillmore,42.4669,-78.1107
MSR Productions,Colorado,Hate Music,2013,Wheat Ridge,39.7728,-105.1031
Mystic Knights of the KKK,Ohio,Ku Klux Klan,2013,Dayton,39.7797,-84.1998
NAAWP Florida Chapter Inc.,Florida,White Nationalist,2013,Jacksonville,30.3322,-81.6749
Nation of Islam,Ohio,Black Nationalist,2013,Akron,41.0802,-81.5219
Nation of Islam,Georgia,Black Nationalist,2013,Atlanta,33.7626,-84.4228
Nation Of Islam,Georgia,Black Nationalist,2013,Augusta,33.3645,-82.0708
Nation of Islam,Colorado,Black Nationalist,2013,Aurora,39.7084,-104.7274
Nation of Islam,Texas,Black Nationalist,2013,Austin,30.3006,-97.7517
Nation of Islam,Maryland,Black Nationalist,2013,Baltimore,39.3051,-76.6144
Nation of Islam,Alabama,Black Nationalist,2013,Birmingham,33.5276,-86.7988
Nation of Islam,Massachusetts,Black Nationalist,2013,Boston,42.3188,-71.0846
Nation of Islam,Connecticut,Black Nationalist,2013,Bridgeport,41.1909,-73.1958
Nation of Islam,New York,Black Nationalist,2013,Brooklyn,40.6501,-73.9496
Nation of Islam,New York,Black Nationalist,2013,Buffalo,42.9017,-78.8487
Nation of Islam,New Jersey,Black Nationalist,2013,Camden,39.9361,-75.1073
Nation of Islam,South Carolina,Black Nationalist,2013,Charleston,32.8137,-79.9643
Nation of Islam,North Carolina,Black Nationalist,2013,Charlotte,35.2079,-80.8303
Nation of Islam,Tennessee,Black Nationalist,2013,Chattanooga,35.0657,-85.2488
Nation of Islam,Illinois,Black Nationalist,2013,Chicago,41.8373,-87.6861
Nation of Islam,Ohio,Black Nationalist,2013,Cincinnati,39.1412,-84.5059
Nation of Islam,Georgia,Black Nationalist,2013,Columbus,32.51,-84.8771
Nation of Islam,California,Black Nationalist,2013,Compton,33.893,-118.2275
Nation of Islam,Texas,Black Nationalist,2013,Dallas,32.7937,-96.7662
Nation of Islam,Ohio,Black Nationalist,2013,Dayton,39.7797,-84.1998
Nation of Islam,Michigan,Black Nationalist,2013,Detroit,42.3834,-83.1024
Nation of Islam,North Carolina,Black Nationalist,2013,Durham,35.9797,-78.9037
Nation of Islam,Florida,Black Nationalist,2013,Fort Lauderdale,26.1412,-80.1464
Nation of Islam,Texas,Black Nationalist,2013,Fort Worth,32.7814,-97.3473
Nation of Islam,Michigan,Black Nationalist,2013,Grand Rapids,42.9615,-85.6557
Nation of Islam,North Carolina,Black Nationalist,2013,Greenville,35.5957,-77.3764
Nation of Islam,Pennsylvania,Black Nationalist,2013,Harrisburg,40.2752,-76.8843
Nation of Islam,Texas,Black Nationalist,2013,Houston,29.7868,-95.3905
Nation of Islam,Indiana,Black Nationalist,2013,Indianapolis,39.7771,-86.1458
Nation of Islam,Mississippi,Black Nationalist,2013,Jackson,32.3163,-90.2124
Nation of Islam,Missouri,Black Nationalist,2013,Kansas City,39.1239,-94.5541
Nation of Islam,Nevada,Black Nationalist,2013,Las Vegas,36.2291,-115.2607
Nation of Islam,Kentucky,Black Nationalist,2013,Lexington,38.0423,-84.4587
Nation of Islam,Arkansas,Black Nationalist,2013,Little Rock,34.7255,-92.3581
Nation of Islam,California,Black Nationalist,2013,Los Angeles,34.1139,-118.4068
Nation of Islam,Tennessee,Black Nationalist,2013,Memphis,35.1047,-89.9773
Nation of Islam,Florida,Black Nationalist,2013,Miami,25.784,-80.2102
Nation of Islam,Tennessee,Black Nationalist,2013,Nashville,36.1714,-86.7844
Nation of Islam,Louisiana,Black Nationalist,2013,New Orleans,30.0687,-89.9288
Nation of Islam,New Jersey,Black Nationalist,2013,Newark,40.7245,-74.1725
Nation of Islam,Virginia,Black Nationalist,2013,Norfolk,36.8945,-76.259
Nation of Islam,Nebraska,Black Nationalist,2013,Omaha,41.2628,-96.0495
Nation of Islam,Florida,Black Nationalist,2013,Orlando,28.4788,-81.342
Nation of Islam,Florida,Black Nationalist,2013,Pensacola,30.4427,-87.1886
Nation of Islam,Illinois,Black Nationalist,2013,Peoria,40.752,-89.6155
Nation of Islam,Pennsylvania,Black Nationalist,2013,Philadelphia,40.0076,-75.134
Nation of Islam,Arizona,Black Nationalist,2013,Phoenix,33.5722,-112.0891
Nation of Islam,Arkansas,Black Nationalist,2013,Pine Bluff,34.2116,-92.0178
Nation of Islam,Pennsylvania,Black Nationalist,2013,Pittsburgh,40.4396,-79.9763
Nation of Islam,New Jersey,Black Nationalist,2013,Plainfield,40.6154,-74.4157
Nation of Islam,North Carolina,Black Nationalist,2013,Raleigh,35.8323,-78.6439
Nation of Islam,California,Black Nationalist,2013,Rialto,34.1128,-117.3885
Nation of Islam,Virginia,Black Nationalist,2013,Richmond,37.5295,-77.4756
Nation of Islam,Illinois,Black Nationalist,2013,Rockford,42.2598,-89.0641
Nation of Islam,California,Black Nationalist,2013,Sacramento,38.5667,-121.4683
Nation of Islam,California,Black Nationalist,2013,San Diego,32.8312,-117.1226
Nation of Islam,Mississippi,Black Nationalist,2013,Southaven,34.9514,-89.9787
Nation of Islam,Massachusetts,Black Nationalist,2013,Springfield,42.1155,-72.5395
Nation Of Islam,Alabama,Black Nationalist,2013,Tuscaloosa,33.2349,-87.5267
Nation of Islam,District of Columbia,Black Nationalist,2013,Washington,38.9047,-77.0163
Nation of Islam,Delaware,Black Nationalist,2013,Wilmington,39.7415,-75.5413
Nation of Islam,North Carolina,Black Nationalist,2013,Winston-Salem,36.1029,-80.261
Nation of Islam,Ohio,Black Nationalist,2013,Youngstown,41.0993,-80.6463
National Alliance,West Virginia,Neo-Nazi,2013,Hillsboro,38.1353,-80.2136
National Alliance,Nevada,Neo-Nazi,2013,Las Vegas,36.2291,-115.2607
National Alliance,California,Neo-Nazi,2013,Los Angeles,34.1139,-118.4068
National Alliance,Ohio,Neo-Nazi,2013,Parma,41.3842,-81.7286
National Alliance,North Carolina,Neo-Nazi,2013,Raleigh,35.8323,-78.6439
National Black Foot Soldier Network,Oklahoma,Black Nationalist,2013,Ardmore,34.1945,-97.1252
National Black Foot Soldier Network,Texas,Black Nationalist,2013,Dallas,32.7937,-96.7662
National Black Foot Soldier Network,Tennessee,Black Nationalist,2013,Knoxville,35.9692,-83.9495
National Policy Institute,Montana,White Nationalist,2013,Whitefish,48.4332,-114.3592
National Socialist Freedom Movement,Oklahoma,Neo-Nazi,2013,Tulsa,36.1284,-95.9042
National Socialist German Workers Party,Nebraska,Neo-Nazi,2013,Lincoln,40.8098,-96.6802
National Socialist Movement,New Jersey,Neo-Nazi,2013,Bayonne,40.6659,-74.1141
National Socialist Movement,New Jersey,Neo-Nazi,2013,Browns Mills,39.9737,-74.569
National Socialist Movement,South Carolina,Neo-Nazi,2013,Charleston,32.8137,-79.9643
National Socialist Movement,Illinois,Neo-Nazi,2013,Chicago,41.8373,-87.6861
National Socialist Movement,New Jersey,Neo-Nazi,2013,Clifton,40.8631,-74.1575
National Socialist Movement,Michigan,Neo-Nazi,2013,Detroit,42.3834,-83.1024
National Socialist Movement,Arizona,Neo-Nazi,2013,Higley,33.3073,-111.721
National Socialist Movement,Kansas,Neo-Nazi,2013,Lansing,39.2427,-94.8952
National Socialist Movement,Alabama,Neo-Nazi,2013,Mobile,30.6783,-88.1162
National Socialist Movement,South Carolina,Neo-Nazi,2013,Myrtle Beach,33.7096,-78.8843
National Socialist Movement,Wisconsin,Neo-Nazi,2013,New Berlin,42.9726,-88.1291
National Socialist Movement,New Jersey,Neo-Nazi,2013,Newark,40.7245,-74.1725
National Socialist Movement,California,Neo-Nazi,2013,San Diego,32.8312,-117.1226
National Socialist Movement,Georgia,Neo-Nazi,2013,Savannah,32.0282,-81.1786
National Socialist Movement,Missouri,Neo-Nazi,2013,Springfield,37.1943,-93.2915
National Socialist Movement,Arizona,Neo-Nazi,2013,Tucson,32.1546,-110.8782
National Socialist Movement,Washington,Neo-Nazi,2013,Vancouver,45.6352,-122.597
National Socialist Movement,Indiana,Neo-Nazi,2013,Wakarusa,41.5336,-86.0138
Nationalist Movement,Mississippi,White Nationalist,2013,Learned,32.1973,-90.5486
National Socialist Aryan Workers' Party,New York,White Nationalist,2013,Albany,42.6664,-73.7987
New Black Panther Party,Georgia,Black Nationalist,2013,Atlanta,33.7626,-84.4228
New Black Panther Party,Illinois,Black Nationalist,2013,Chicago,41.8373,-87.6861
New Black Panther Party,Texas,Black Nationalist,2013,Dallas,32.7937,-96.7662
New Black Panther Party,Texas,Black Nationalist,2013,Houston,29.7868,-95.3905
New Black Panther Party,Pennsylvania,Black Nationalist,2013,Philadelphia,40.0076,-75.134
New Black Panther Party,District of Columbia,Black Nationalist,2013,Washington,38.9047,-77.0163
New Century Productions - A Conversation About Race,Colorado,White Nationalist,2013,Littleton,39.5911,-105.0194
New Empire Knights of the Ku Klux Klan,South Carolina,Ku Klux Klan,2013,Abbeville,34.1787,-82.3774
New Empire Knights of the Ku Klux Klan,Iowa,Ku Klux Klan,2013,Ames,42.0261,-93.6279
New Empire Knights of the Ku Klux Klan,Michigan,Ku Klux Klan,2013,Beal City,43.6692,-84.9086
New Empire Knights of the Ku Klux Klan,Missouri,Ku Klux Klan,2013,Branson,36.6511,-93.2633
New Empire Knights of the Ku Klux Klan,North Carolina,Ku Klux Klan,2013,Charlotte,35.2079,-80.8303
New Empire Knights of the Ku Klux Klan,Kentucky,Ku Klux Klan,2013,Corbin,36.932,-84.1003
New Empire Knights of the Ku Klux Klan,Texas,Ku Klux Klan,2013,Dallas,32.7937,-96.7662
New Empire Knights of the Ku Klux Klan,Ohio,Ku Klux Klan,2013,Dayton,39.7797,-84.1998
New Empire Knights of the Ku Klux Klan,North Carolina,Ku Klux Klan,2013,Durham,35.9797,-78.9037
New Empire Knights of the Ku Klux Klan,West Virginia,Ku Klux Klan,2013,Hurricane,38.4294,-82.017
New Empire Knights of the Ku Klux Klan,Texas,Ku Klux Klan,2013,Longview,32.5192,-94.7622
New Empire Knights of the Ku Klux Klan,Georgia,Ku Klux Klan,2013,Newnan,33.3763,-84.7758
New Empire Knights of the Ku Klux Klan,Indiana,Ku Klux Klan,2013,Scottsburg,38.6854,-85.7831
New Order,Wisconsin,Neo-Nazi,2013,Milwaukee,43.064,-87.9669
New Yorkers for Immigration Control and Enforcement (NYICE),New York,Anti-Immigrant,2013,New York,40.6943,-73.9249
Non-Universal Teaching Ministries/Christogenea,Ohio,Christian Identity,2013,Fostoria,41.1601,-83.4119
Noontide Press,California,Holocaust Denial,2013,Newport Beach,33.6151,-117.8669
North Mississippi White Knights Of The Ku Klux Klan,Mississippi,Ku Klux Klan,2013,Dumas,34.638,-88.8431
North Mississippi White Knights Of The Ku Klux Klan,Alabama,Ku Klux Klan,2013,Red Bay,34.4358,-88.1362
Northern Hammerskins,Illinois,Racist Skinhead,2013,Chicago,41.8373,-87.6861
Northern Hammerskins,Michigan,Racist Skinhead,2013,Detroit,42.3834,-83.1024
Northwest Front,Washington,White Nationalist,2013,Seattle,47.6211,-122.3244
Northwest Hammerskins,Washington,Racist Skinhead,2013,Seattle,47.6211,-122.3244
NPI TV,New York,White Nationalist,2013,Brooklyn,40.6501,-73.9496
NS Publications,Michigan,Neo-Nazi,2013,Wyandotte,42.2113,-83.1558
Occidental Dissent,Alabama,White Nationalist,2013,Birmingham,33.5276,-86.7988
Occidental Quarterly/Charles Martel Society,Georgia,White Nationalist,2013,Atlanta,33.7626,-84.4228
Official Street Preachers,California,General Hate,2013,Los Angeles,34.1139,-118.4068
OMNI Christian Book Club,California,Radical Traditional Catholicism,2013,Palmdale,34.5944,-118.1057
Our Place Fellowship,Washington,Christian Identity,2013,Colville,48.5454,-117.8986
Ozark Craft LC,Arkansas,General Hate,2013,Harrison,36.2437,-93.1197
Pace Confederate Depot,Mississippi,Neo-Confederate,2013,Baldwyn,34.5071,-88.6416
Pacific Justice Institute,California,Anti-LGBT,2013,Sacramento,38.5667,-121.4683
Pacifica Forum,Oregon,White Nationalist,2013,Eugene,44.0563,-123.1173
Parents Action League,Minnesota,Anti-LGBT,2013,Champlin,45.1702,-93.3903
Patriotic Flags,South Carolina,White Nationalist,2013,Summerville,33.0005,-80.1788
Pilgrims Covenant Church,Wisconsin,Anti-LGBT,2013,Monroe,42.6026,-89.6374
Pioneer Fund,New York,White Nationalist,2013,New York,40.6943,-73.9249
Pioneer Little Europe Kalispell Montana,Montana,White Nationalist,2013,Kalispell,48.2155,-114.3262
Poker Face,Pennsylvania,Hate Music,2013,Allentown,40.5961,-75.4756
Political Islam,Tennessee,Anti-Muslim,2013,Nashville,36.1714,-86.7844
Power of Prophecy,Texas,General Hate,2013,Austin,30.3006,-97.7517
Protestant White Nationalist Party of Kentucky/Uncreated Light,Kentucky,White Nationalist,2013,Louisville,38.1662,-85.6488
Providence Road Baptist Church,North Carolina,Anti-LGBT,2013,Maiden,35.5853,-81.2202
Racial Nationalist Party of America,New York,White Nationalist,2013,Lockport,43.1698,-78.6956
Red October,Massachusetts,White Nationalist,2013,Boston,42.3188,-71.0846
Red October,Illinois,White Nationalist,2013,Chicago,41.8373,-87.6861
Red October,Ohio,White Nationalist,2013,Hamilton,39.3938,-84.5653
Red October,Kentucky,White Nationalist,2013,Henderson,37.8405,-87.5788
Reformation-Bible Puritan-Baptist Church/Vatican Assassins,Pennsylvania,General Hate,2013,Newmanstown,40.3514,-76.2117
Revolutionary Order of the Aryan Republic,Tennessee,Neo-Nazi,2013,Chattanooga,35.0657,-85.2488
Robert Sungenis,Pennsylvania,Radical Traditional Catholicism,2013,State Line,39.7329,-77.7247
Ruth Institute,California,Anti-LGBT,2013,San Marcos,33.1349,-117.1744
Sacto Skinheads,California,Racist Skinhead,2013,Sacramento,38.5667,-121.4683
Aryan Nations Sadistic Souls MC,Illinois,Neo-Nazi,2013,Brighton,39.0405,-90.1405
Samanta Roy Institute of Science and Technology,Wisconsin,General Hate,2013,Shawano,44.7749,-88.5844
Save California,California,Anti-LGBT,2013,Sacramento,38.5667,-121.4683
Scott-Townsend Publishers,District of Columbia,White Nationalist,2013,Washington,38.9047,-77.0163
Scriptures for America Worldwide Ministries,Colorado,Christian Identity,2013,Laporte,40.6385,-105.1444
Sharia Awareness Action Network,District of Columbia,Anti-Muslim,2013,Washington,38.9047,-77.0163
Sharkhunters International,Florida,General Hate,2013,Hernando,28.9451,-82.3781
Silver Bullet Gun Oil,Virginia,Anti-Muslim,2013,Courtland,36.7123,-77.062
The Social Contract Press,Michigan,White Nationalist,2013,Petoskey,45.3649,-84.9887
Society for the Practical Establishment and Perpetuation of the Ten Commandments,Georgia,General Hate,2013,Eatonton,33.3258,-83.3886
Soldiers of the Cross Training Institute,Arkansas,Ku Klux Klan,2013,Harrison,36.2437,-93.1197
SonnyThomas.com,Ohio,General Hate,2013,Springboro,39.5612,-84.2349
Faith Baptist Church (formerly Sons of Thundr),Georgia,Anti-LGBT,2013,Luthersville,33.2096,-84.7442
South Africa Project,Louisiana,White Nationalist,2013,Mandeville,30.375,-90.0906
Southern European Aryans League Army,Indiana,White Nationalist,2013,Muncie,40.1989,-85.395
Southern National Congress,Virginia,Neo-Confederate,2013,Alexandria,38.8185,-77.0861
Southern National Congress,Florida,Neo-Confederate,2013,Jacksonville,30.3322,-81.6749
Southern National Congress,Georgia,Neo-Confederate,2013,Morganton,34.8749,-84.2442
Southern National Congress,South Carolina,Neo-Confederate,2013,Travelers Rest,34.9684,-82.4417
Southern National Congress,Missouri,Neo-Confederate,2013,West Plains,36.7378,-91.868
Southern National Congress,Alabama,Neo-Confederate,2013,Wetumpka,32.5407,-86.2057
St. Michael's Parish/Mount St. Michael,Washington,Radical Traditional Catholicism,2013,Spokane,47.6671,-117.433
Stop the Islamization of America (SIOA),New York,Anti-Muslim,2013,New York,40.6943,-73.9249
Stop the Islamization of Nations (SION),New York,Anti-Muslim,2013,New York,40.6943,-73.9249
Stormfront,Florida,White Nationalist,2013,West Palm Beach,26.7467,-80.1314
Sultan Knish a blog by Daniel Greenfield,New York,Anti-Muslim,2013,New York,40.6943,-73.9249
Supreme White Alliance,New Mexico,Racist Skinhead,2013,Farmington,36.7555,-108.1823
TC Family (Traverse City Family),Michigan,Anti-LGBT,2013,Traverse City,44.7547,-85.6035
Tea Party Nation,Tennessee,General Hate,2013,Franklin,35.9214,-86.8524
Tennessee Freedom Coalition,Tennessee,Anti-Muslim,2013,Nashville,36.1714,-86.7844
The American Defence League,New York,Anti-Muslim,2013,New York,40.6943,-73.9249
The Brother Nathanael Foundation,Colorado,General Hate,2013,Frisco,39.5793,-106.0919
The church at Kaweah,California,General Hate,2013,Kaweah,36.4697,-118.9184
The Creativity Alliance,California,Neo-Nazi,2013,Clovis,36.8278,-119.6841
The Creativity Alliance,Utah,Neo-Nazi,2013,Draper,40.4956,-111.8607
The Creativity Alliance,Tennessee,Neo-Nazi,2013,Mountain City,36.4695,-81.8049
The Creativity Alliance,Pennsylvania,Neo-Nazi,2013,Philadelphia,40.0076,-75.134
The Creativity Movement,Montana,Neo-Nazi,2013,Billings,45.7889,-108.5503
The Creativity Movement,Ohio,Neo-Nazi,2013,Covington,40.1174,-84.3508
The Creativity Movement,Missouri,Neo-Nazi,2013,Kansas City,39.1239,-94.5541
The Creativity Movement,Wisconsin,Neo-Nazi,2013,Mountain,45.1864,-88.4681
The Creativity Movement,Illinois,Neo-Nazi,2013,Zion,42.4598,-87.8509
The Dakota Voice,South Dakota,General Hate,2013,Rapid City,44.0716,-103.2205
The Fitzgerald Griffin Foundation,Virginia,White Nationalist,2013,Vienna,38.8996,-77.2597
The Forssaken Motorcycle Club,Arkansas,Neo-Nazi,2013,Center Ridge,35.3806,-92.5702
The Hated,New Jersey,Racist Skinhead,2013,Toms River,39.9931,-74.1856
The International Conspiratological Association,Idaho,Holocaust Denial,2013,Coeur d'Alene,47.7039,-116.7933
The Israelite Church of God in Jesus Christ,Oregon,Black Nationalist,2013,Beaverton,45.4779,-122.8168
The Israelite Church of God in Jesus Christ,Pennsylvania,Black Nationalist,2013,Coatesville,39.9849,-75.8199
The Israelite Church of God in Jesus Christ,New Jersey,Black Nationalist,2013,Jersey City,40.7161,-74.0682
The Israelite Church of God in Jesus Christ,Pennsylvania,Black Nationalist,2013,Norristown,40.1224,-75.3399
The Israelite Church of God in Jesus Christ,Pennsylvania,Black Nationalist,2013,Philadelphia,40.0076,-75.134
The Israelite Church of God in Jesus Christ,Pennsylvania,Black Nationalist,2013,Philadelphia,40.0076,-75.134
The Israelite Church of God in Jesus Christ,New Jersey,Black Nationalist,2013,Vineland,39.4653,-74.9981
The Kinist Institute,Florida,White Nationalist,2013,Orlando,28.4788,-81.342
The Political Cesspool,Tennessee,White Nationalist,2013,Bartlett,35.2337,-89.8195
The Pray in Jesus Name Project,Colorado,Anti-LGBT,2013,Colorado Springs,38.8674,-104.7606
The Remnant,Minnesota,Radical Traditional Catholicism,2013,Forest Lake,45.2536,-92.9583
The Shepherd's Call Ministries,Tennessee,Christian Identity,2013,Sweetwater,35.6027,-84.4718
The Creativity Movement,Florida,Neo-Nazi,2013,Palm Bay,27.9861,-80.6628
The Israelite Church of God in Jesus Christ,Pennsylvania,Black Nationalist,2013,Allentown,40.5961,-75.4756
The Israelite Church of God in Jesus Christ,New Jersey,Black Nationalist,2013,Asbury Park,40.2226,-74.0117
The Israelite Church of God in Jesus Christ,Maryland,Black Nationalist,2013,Baltimore,39.3051,-76.6144
The Israelite Church of God in Jesus Christ,New Jersey,Black Nationalist,2013,Camden,39.9361,-75.1073
The Israelite Church of God in Jesus Christ,North Carolina,Black Nationalist,2013,Fayetteville,35.0846,-78.9776
The Israelite Church of God in Jesus Christ,Florida,Black Nationalist,2013,Fort Myers,26.6195,-81.8302
The Israelite Church of God in Jesus Christ,North Carolina,Black Nationalist,2013,Goldsboro,35.3777,-77.972
The Israelite Church of God in Jesus Christ,Missouri,Black Nationalist,2013,Kansas City,39.1239,-94.5541
The Israelite Church of God in Jesus Christ,Oklahoma,Black Nationalist,2013,Langston,35.9324,-97.263
The Israelite Church of God in Jesus Christ,Oklahoma,Black Nationalist,2013,Lawton,34.6171,-98.4204
The Israelite Church of God in Jesus Christ,New York,Black Nationalist,2013,New York,40.6943,-73.9249
The Israelite Church of God in Jesus Christ,Florida,Black Nationalist,2013,North Miami,25.9006,-80.1681
The Israelite Church of God in Jesus Christ,Oklahoma,Black Nationalist,2013,Oklahoma City,35.4676,-97.5136
The Israelite Church of God in Jesus Christ,Nebraska,Black Nationalist,2013,Omaha,41.2628,-96.0495
The Israelite Church of God in Jesus Christ,Florida,Black Nationalist,2013,Orlando,28.4788,-81.342
The Israelite Church of God in Jesus Christ,Pennsylvania,Black Nationalist,2013,Pittsburgh,40.4396,-79.9763
The Israelite Church of God in Jesus Christ,Oregon,Black Nationalist,2013,Portland,45.5372,-122.65
The Israelite Church of God in Jesus Christ,Oklahoma,Black Nationalist,2013,Tulsa,36.1284,-95.9042
The Israelite Church of God in Jesus Christ,District of Columbia,Black Nationalist,2013,Washington,38.9047,-77.0163
The Israelite Church of God in Jesus Christ,Florida,Black Nationalist,2013,West Palm Beach,26.7467,-80.1314
The Israelite Church of God in Jesus Christ,North Carolina,Black Nationalist,2013,Wilmington,34.21,-77.886
The United West,Florida,Anti-Muslim,2013,Lake Worth,26.6194,-80.059
The White Network,Texas,White Nationalist,2013,Kerrville,30.0399,-99.1319
Third Reich Books,Nebraska,Neo-Nazi,2013,Lincoln,40.8098,-96.6802
Thomas Robb Ministries,Arkansas,Christian Identity,2013,Bergman,36.3128,-93.0115
Tightrope,Arkansas,Hate Music,2013,Calico Rock,36.1399,-92.1337
Tom Brown Ministries,Texas,Anti-LGBT,2013,El Paso,31.8479,-106.4309
Tony Alamo Christian Ministries,Arkansas,General Hate,2013,Fort Smith,35.3494,-94.3695
Tony Alamo Christian Ministries,Arkansas,General Hate,2013,Fouke,33.2615,-93.8864
Tony Alamo Christian Ministries,New York,General Hate,2013,New York,40.6943,-73.9249
Tony Alamo Christian Ministries,Texas,General Hate,2013,Texarkana,33.4487,-94.0815
Tradition in Action,California,Radical Traditional Catholicism,2013,Los Angeles,34.1139,-118.4068
Traditional Values Coalition,California,Anti-LGBT,2013,Anaheim,33.839,-117.8572
Traditional Values Coalition,District of Columbia,Anti-LGBT,2013,Washington,38.9047,-77.0163
Traditionalist American Knights of the KKK,Texas,Ku Klux Klan,2013,Bryan,30.6657,-96.3672
Traditionalist American Knights of the KKK,Texas,Ku Klux Klan,2013,Houston,29.7868,-95.3905
Traditionalist American Knights of the KKK,Texas,Ku Klux Klan,2013,Lone Oak,32.9961,-95.9406
Traditionalist American Knights of the KKK,Missouri,Ku Klux Klan,2013,Potosi,37.9337,-90.775
Traditionalist American Knights of the KKK,Texas,Ku Klux Klan,2013,Waco,31.5597,-97.1883
Traditionalist Youth Network,Maryland,White Nationalist,2013,Towson,39.3944,-76.619
Traditionalist Youth Network,Indiana,White Nationalist,2013,Bloomington,39.1637,-86.5256
True Light Pentecost Church,South Carolina,Anti-LGBT,2013,Spartanburg,34.9437,-81.9257
Truth At Last,Georgia,General Hate,2013,Marietta,33.9532,-84.5421
Truth Triumphant,Florida,General Hate,2013,Eustis,28.8559,-81.678
United Families International,Arizona,Anti-LGBT,2013,Gilbert,33.3103,-111.7463
United for a Sovereign America (USA),Arizona,Anti-Immigrant,2013,Phoenix,33.5722,-112.0891
United Identity Church of Christ,Texas,Christian Identity,2013,Simms,33.3504,-94.5074
United Klans of America,Alabama,Ku Klux Klan,2013,Ashland,33.2704,-85.8337
United Klans of America,Montana,Ku Klux Klan,2013,Great Falls,47.5022,-111.2995
United Northern and Southern Knights of the KKK,Illinois,Ku Klux Klan,2013,Chicago,41.8373,-87.6861
United Northern and Southern Knights of the KKK,Michigan,Ku Klux Klan,2013,Fraser,42.5388,-82.9496
United Northern and Southern Knights of the KKK,South Carolina,Ku Klux Klan,2013,Spartanburg,34.9437,-81.9257
United Northern and Southern Knights of the KKK,Indiana,Ku Klux Klan,2013,West College Corner,39.5694,-84.819
United Society of Aryan Skinheads,California,Racist Skinhead,2013,San Diego,32.8312,-117.1226
United States Defense League,North Carolina,Anti-Muslim,2013,Monroe,35.0061,-80.5593
United States Justice Foundation,California,Anti-Muslim,2013,Ramona,33.0474,-116.8767
United White Knights of the KKK,Texas,Ku Klux Klan,2013,New Braunfels,29.6995,-98.1153
United White Knights of the KKK,Texas,Ku Klux Klan,2013,Omaha,33.182,-94.7402
United White Knights of the KKK,Texas,Ku Klux Klan,2013,Abilene,32.4543,-99.7384
United White Knights of the KKK,Texas,Ku Klux Klan,2013,Beaumont,30.0849,-94.1451
United White Knights of the KKK,Oklahoma,Ku Klux Klan,2013,Oklahoma City,35.4676,-97.5136
United White Knights of the KKK,Oklahoma,Ku Klux Klan,2013,Shawnee,35.3525,-96.9647
United White Knights of the KKK,Oklahoma,Ku Klux Klan,2013,Tulsa,36.1284,-95.9042
US Border Guard,Arizona,Anti-Immigrant,2013,Mesa,33.4017,-111.7181
VDARE Foundation,Virginia,White Nationalist,2013,Warrenton,38.7176,-77.7975
Vinland Folk Resistance,California,General Hate,2013,Kingsburg,36.5242,-119.5608
Vinlanders Alaska,Alaska,Racist Skinhead,2013,Anchorage,61.1508,-149.1091
Vinlanders Arizona,Arizona,Racist Skinhead,2013,Mesa,33.4017,-111.7181
Vinlanders Indiana,Indiana,Racist Skinhead,2013,Knightstown,39.796,-85.5311
Vinlanders New Jersey,New Jersey,Racist Skinhead,2013,Cherry Hill,39.9348,-75.0307
Vinlanders Texas,Texas,Racist Skinhead,2013,Arlington,32.6998,-97.125
Virginia Publishing Company,Virginia,Christian Identity,2013,Lynchburg,37.4003,-79.1908
Voice of Reason Broadcast Network,California,White Nationalist,2013,Pasadena,34.1598,-118.139
Voz de Aztlan,California,General Hate,2013,Whittier,33.9678,-118.0188
War On The Horizon,District of Columbia,Black Nationalist,2013,Washington,38.9047,-77.0163
Washington Summit Publishers,Montana,White Nationalist,2013,Whitefish,48.4332,-114.3592
Weisman Publications,Minnesota,Christian Identity,2013,Apple Valley,44.7458,-93.2006
Westboro Baptist Church,Kansas,Anti-LGBT,2013,Topeka,39.0346,-95.6956
Western Hammerskins,California,Racist Skinhead,2013,Menifee,33.6909,-117.1849
Western Hammerskins,California,Racist Skinhead,2013,San Diego,32.8312,-117.1226
White Aryan Resistance,Indiana,Neo-Nazi,2013,Warsaw,41.2443,-85.8479
White Camelia Knights of the KKK,Texas,Ku Klux Klan,2013,Cleveland,30.3368,-95.0924
White Camelia Knights of the KKK,Texas,Ku Klux Klan,2013,Pasadena,29.6584,-95.1499
White Pride Home School Resource Center,Arkansas,General Hate,2013,Bergman,36.3128,-93.0115
White Rabbit Radio,Michigan,White Nationalist,2013,Dearborn Heights,42.3164,-83.2769
White Student Union of Tarrant County,Texas,White Nationalist,2013,North Richland Hills,32.8605,-97.218
Windsor Hills Baptist Church,Oklahoma,Anti-LGBT,2013,Oklahoma City,35.4676,-97.5136
World Congress of Families/International Organization for the Family,Illinois,Anti-LGBT,2013,Rockford,42.2598,-89.0641
World View Foundations,California,White Nationalist,2013,Porterville,36.0644,-119.0337
WTM Enterprises,Indiana,White Nationalist,2013,Roanoke,40.964,-85.3761
"You Can Run, But You Cannot Hide",Minnesota,Anti-LGBT,2013,Annandale,45.2598,-94.1205
